timestamp,missing_items,snapshot
2026-03-31T18:49:17.056539,"helmet,vest",snapshots\violation_20260331_184917_helmet_vest.jpg
2026-03-31T18:49:17.755934,"helmet,vest",snapshots\violation_20260331_184917_helmet_vest.jpg
2026-03-31T18:49:18.130988,"helmet,vest",snapshots\violation_20260331_184918_helmet_vest.jpg
2026-03-31T18:49:18.460996,"helmet,vest",snapshots\violation_20260331_184918_helmet_vest.jpg
2026-03-31T18:49:18.658870,"helmet,vest",snapshots\violation_20260331_184918_helmet_vest.jpg
2026-03-31T18:49:18.846036,"helmet,vest",snapshots\violation_20260331_184918_helmet_vest.jpg
2026-03-31T18:49:19.046355,"helmet,vest",snapshots\violation_20260331_184919_helmet_vest.jpg
2026-03-31T18:49:19.246660,"helmet,vest",snapshots\violation_20260331_184919_helmet_vest.jpg
2026-03-31T18:49:19.436394,"helmet,vest",snapshots\violation_20260331_184919_helmet_vest.jpg
2026-03-31T18:49:19.682642,"helmet,vest",snapshots\violation_20260331_184919_helmet_vest.jpg
2026-03-31T18:49:19.909666,"helmet,vest",snapshots\violation_20260331_184919_helmet_vest.jpg
2026-03-31T18:49:20.178606,"helmet,vest",snapshots\violation_20260331_184920_helmet_vest.jpg
2026-03-31T18:49:20.431562,"helmet,vest",snapshots\violation_20260331_184920_helmet_vest.jpg
2026-03-31T18:49:20.644791,"helmet,vest",snapshots\violation_20260331_184920_helmet_vest.jpg
2026-03-31T18:49:20.861343,"helmet,vest",snapshots\violation_20260331_184920_helmet_vest.jpg
2026-03-31T18:49:21.081942,"helmet,vest",snapshots\violation_20260331_184921_helmet_vest.jpg
2026-03-31T18:49:22.088743,"helmet,vest",snapshots\violation_20260331_184922_helmet_vest.jpg
2026-03-31T18:49:22.294193,"helmet,vest",snapshots\violation_20260331_184922_helmet_vest.jpg
2026-03-31T18:49:22.491209,vest,snapshots\violation_20260331_184922_vest.jpg
2026-03-31T18:49:22.690605,"helmet,vest",snapshots\violation_20260331_184922_helmet_vest.jpg
2026-03-31T18:49:22.887847,"helmet,vest",snapshots\violation_20260331_184922_helmet_vest.jpg
2026-03-31T18:49:23.093456,vest,snapshots\violation_20260331_184923_vest.jpg
2026-03-31T18:49:23.307594,"helmet,vest",snapshots\violation_20260331_184923_helmet_vest.jpg
2026-03-31T18:49:23.507818,"helmet,vest",snapshots\violation_20260331_184923_helmet_vest.jpg
2026-03-31T18:49:23.705763,"helmet,vest",snapshots\violation_20260331_184923_helmet_vest.jpg
2026-03-31T18:49:23.904624,"helmet,vest",snapshots\violation_20260331_184923_helmet_vest.jpg
2026-03-31T18:49:24.104044,"helmet,vest",snapshots\violation_20260331_184924_helmet_vest.jpg
2026-03-31T18:49:24.304644,"helmet,vest",snapshots\violation_20260331_184924_helmet_vest.jpg
2026-03-31T18:49:24.514828,"helmet,vest",snapshots\violation_20260331_184924_helmet_vest.jpg
2026-03-31T18:49:24.704377,"helmet,vest",snapshots\violation_20260331_184924_helmet_vest.jpg
2026-03-31T18:49:24.890956,vest,snapshots\violation_20260331_184924_vest.jpg
2026-03-31T18:49:25.054814,vest,snapshots\violation_20260331_184925_vest.jpg
2026-03-31T18:49:25.205578,"helmet,vest",snapshots\violation_20260331_184925_helmet_vest.jpg
2026-03-31T18:49:25.402400,"helmet,vest",snapshots\violation_20260331_184925_helmet_vest.jpg
2026-03-31T18:49:25.598593,"helmet,vest",snapshots\violation_20260331_184925_helmet_vest.jpg
2026-03-31T18:49:25.791638,"helmet,vest",snapshots\violation_20260331_184925_helmet_vest.jpg
2026-03-31T18:49:25.962431,"helmet,vest",snapshots\violation_20260331_184925_helmet_vest.jpg
2026-03-31T18:49:26.101433,"helmet,vest",snapshots\violation_20260331_184926_helmet_vest.jpg
2026-03-31T18:49:26.248250,"helmet,vest",snapshots\violation_20260331_184926_helmet_vest.jpg
2026-03-31T18:49:27.216383,"helmet,vest",snapshots\violation_20260331_184927_helmet_vest.jpg
2026-03-31T18:49:27.414765,"helmet,vest",snapshots\violation_20260331_184927_helmet_vest.jpg
2026-03-31T18:49:27.610282,"helmet,vest",snapshots\violation_20260331_184927_helmet_vest.jpg
2026-03-31T18:49:27.782123,"helmet,vest",snapshots\violation_20260331_184927_helmet_vest.jpg
2026-03-31T18:49:27.957269,"helmet,vest",snapshots\violation_20260331_184927_helmet_vest.jpg
2026-03-31T18:49:28.094469,"helmet,vest",snapshots\violation_20260331_184928_helmet_vest.jpg
2026-03-31T18:49:28.236308,"helmet,vest",snapshots\violation_20260331_184928_helmet_vest.jpg
2026-03-31T18:49:28.386470,vest,snapshots\violation_20260331_184928_vest.jpg
2026-03-31T18:49:28.525404,vest,snapshots\violation_20260331_184928_vest.jpg
2026-03-31T18:49:28.672046,vest,snapshots\violation_20260331_184928_vest.jpg
2026-03-31T18:49:28.814840,"helmet,vest",snapshots\violation_20260331_184928_helmet_vest.jpg
2026-03-31T18:49:28.964203,vest,snapshots\violation_20260331_184928_vest.jpg
2026-03-31T18:49:29.102174,"helmet,vest",snapshots\violation_20260331_184929_helmet_vest.jpg
2026-03-31T18:49:29.240982,"helmet,vest",snapshots\violation_20260331_184929_helmet_vest.jpg
2026-03-31T18:49:29.394295,vest,snapshots\violation_20260331_184929_vest.jpg
2026-03-31T18:49:29.532928,"helmet,vest",snapshots\violation_20260331_184929_helmet_vest.jpg
2026-03-31T18:49:29.671104,"helmet,vest",snapshots\violation_20260331_184929_helmet_vest.jpg
2026-03-31T18:49:29.812652,"helmet,vest",snapshots\violation_20260331_184929_helmet_vest.jpg
2026-03-31T18:49:29.961489,"helmet,vest",snapshots\violation_20260331_184929_helmet_vest.jpg
2026-03-31T18:49:30.091845,"helmet,vest",snapshots\violation_20260331_184930_helmet_vest.jpg
2026-03-31T18:49:30.253937,"helmet,vest",snapshots\violation_20260331_184930_helmet_vest.jpg
2026-03-31T18:49:30.438302,"helmet,vest",snapshots\violation_20260331_184930_helmet_vest.jpg
2026-03-31T18:49:30.611054,"helmet,vest",snapshots\violation_20260331_184930_helmet_vest.jpg
2026-03-31T18:49:30.769234,vest,snapshots\violation_20260331_184930_vest.jpg
2026-03-31T18:49:30.894583,vest,snapshots\violation_20260331_184930_vest.jpg
2026-03-31T18:49:31.075890,"helmet,vest",snapshots\violation_20260331_184931_helmet_vest.jpg
2026-03-31T18:49:31.216822,"helmet,vest",snapshots\violation_20260331_184931_helmet_vest.jpg
2026-03-31T18:49:32.388823,"helmet,vest",snapshots\violation_20260331_184932_helmet_vest.jpg
2026-03-31T18:49:33.483990,"helmet,vest",snapshots\violation_20260331_184933_helmet_vest.jpg
2026-03-31T18:49:34.237705,"helmet,vest",snapshots\violation_20260331_184934_helmet_vest.jpg
2026-03-31T18:49:34.365057,"helmet,vest",snapshots\violation_20260331_184934_helmet_vest.jpg
2026-03-31T18:49:34.494843,"helmet,vest",snapshots\violation_20260331_184934_helmet_vest.jpg
2026-03-31T18:49:34.619802,"helmet,vest",snapshots\violation_20260331_184934_helmet_vest.jpg
2026-03-31T18:49:35.002634,"helmet,vest",snapshots\violation_20260331_184934_helmet_vest.jpg
2026-03-31T18:49:35.125873,"helmet,vest",snapshots\violation_20260331_184935_helmet_vest.jpg
2026-03-31T18:49:35.489196,"helmet,vest",snapshots\violation_20260331_184935_helmet_vest.jpg
2026-03-31T18:49:35.978848,"helmet,vest",snapshots\violation_20260331_184935_helmet_vest.jpg
2026-03-31T18:49:36.227764,"helmet,vest",snapshots\violation_20260331_184936_helmet_vest.jpg
2026-03-31T18:49:36.355645,"helmet,vest",snapshots\violation_20260331_184936_helmet_vest.jpg
2026-03-31T18:49:36.484144,"helmet,vest",snapshots\violation_20260331_184936_helmet_vest.jpg
2026-03-31T18:49:37.424179,"helmet,vest",snapshots\violation_20260331_184937_helmet_vest.jpg
2026-03-31T18:49:37.662781,"helmet,vest",snapshots\violation_20260331_184937_helmet_vest.jpg
2026-03-31T18:49:37.803459,"helmet,vest",snapshots\violation_20260331_184937_helmet_vest.jpg
2026-03-31T18:49:37.922830,"helmet,vest",snapshots\violation_20260331_184937_helmet_vest.jpg
2026-03-31T18:49:38.047962,"helmet,vest",snapshots\violation_20260331_184938_helmet_vest.jpg
2026-03-31T18:49:38.167127,"helmet,vest",snapshots\violation_20260331_184938_helmet_vest.jpg
2026-03-31T18:49:38.307152,"helmet,vest",snapshots\violation_20260331_184938_helmet_vest.jpg
2026-03-31T18:49:38.443287,"helmet,vest",snapshots\violation_20260331_184938_helmet_vest.jpg
2026-03-31T18:49:38.586746,"helmet,vest",snapshots\violation_20260331_184938_helmet_vest.jpg
2026-03-31T18:49:38.713204,"helmet,vest",snapshots\violation_20260331_184938_helmet_vest.jpg
2026-03-31T18:49:38.840797,"helmet,vest",snapshots\violation_20260331_184938_helmet_vest.jpg
2026-03-31T18:49:38.966592,"helmet,vest",snapshots\violation_20260331_184938_helmet_vest.jpg
2026-03-31T18:49:39.098785,"helmet,vest",snapshots\violation_20260331_184939_helmet_vest.jpg
2026-03-31T18:49:39.227568,"helmet,vest",snapshots\violation_20260331_184939_helmet_vest.jpg
2026-03-31T18:49:39.350756,"helmet,vest",snapshots\violation_20260331_184939_helmet_vest.jpg
2026-03-31T18:49:39.477882,"helmet,vest",snapshots\violation_20260331_184939_helmet_vest.jpg
2026-03-31T18:49:39.610494,"helmet,vest",snapshots\violation_20260331_184939_helmet_vest.jpg
2026-03-31T18:49:39.738354,"helmet,vest",snapshots\violation_20260331_184939_helmet_vest.jpg
2026-03-31T18:49:39.857931,"helmet,vest",snapshots\violation_20260331_184939_helmet_vest.jpg
2026-03-31T18:49:39.984698,"helmet,vest",snapshots\violation_20260331_184939_helmet_vest.jpg
2026-03-31T18:49:40.114951,"helmet,vest",snapshots\violation_20260331_184940_helmet_vest.jpg
2026-03-31T18:49:40.242311,"helmet,vest",snapshots\violation_20260331_184940_helmet_vest.jpg
2026-03-31T18:49:40.368315,"helmet,vest",snapshots\violation_20260331_184940_helmet_vest.jpg
2026-03-31T18:49:40.496672,"helmet,vest",snapshots\violation_20260331_184940_helmet_vest.jpg
2026-03-31T18:49:40.633399,"helmet,vest",snapshots\violation_20260331_184940_helmet_vest.jpg
2026-03-31T18:49:40.765951,"helmet,vest",snapshots\violation_20260331_184940_helmet_vest.jpg
2026-03-31T18:49:40.898862,"helmet,vest",snapshots\violation_20260331_184940_helmet_vest.jpg
2026-03-31T18:49:41.028705,"helmet,vest",snapshots\violation_20260331_184941_helmet_vest.jpg
2026-03-31T18:49:41.166492,"helmet,vest",snapshots\violation_20260331_184941_helmet_vest.jpg
2026-03-31T18:49:41.299404,"helmet,vest",snapshots\violation_20260331_184941_helmet_vest.jpg
2026-03-31T18:49:41.424495,"helmet,vest",snapshots\violation_20260331_184941_helmet_vest.jpg
2026-03-31T18:49:41.558891,"helmet,vest",snapshots\violation_20260331_184941_helmet_vest.jpg
2026-03-31T18:49:42.492800,"helmet,vest",snapshots\violation_20260331_184942_helmet_vest.jpg
2026-03-31T18:49:42.727406,"helmet,vest",snapshots\violation_20260331_184942_helmet_vest.jpg
2026-03-31T18:49:42.878426,"helmet,vest",snapshots\violation_20260331_184942_helmet_vest.jpg
2026-03-31T18:49:43.025203,"helmet,vest",snapshots\violation_20260331_184943_helmet_vest.jpg
2026-03-31T18:49:43.175291,"helmet,vest",snapshots\violation_20260331_184943_helmet_vest.jpg
2026-03-31T18:49:43.328703,"helmet,vest",snapshots\violation_20260331_184943_helmet_vest.jpg
2026-03-31T18:49:43.531181,"helmet,vest",snapshots\violation_20260331_184943_helmet_vest.jpg
2026-03-31T18:49:43.738330,"helmet,vest",snapshots\violation_20260331_184943_helmet_vest.jpg
2026-03-31T18:49:43.926904,"helmet,vest",snapshots\violation_20260331_184943_helmet_vest.jpg
2026-03-31T18:49:44.098771,"helmet,vest",snapshots\violation_20260331_184944_helmet_vest.jpg
2026-03-31T18:49:44.229240,"helmet,vest",snapshots\violation_20260331_184944_helmet_vest.jpg
2026-03-31T18:49:44.366825,"helmet,vest",snapshots\violation_20260331_184944_helmet_vest.jpg
2026-03-31T18:49:44.488522,"helmet,vest",snapshots\violation_20260331_184944_helmet_vest.jpg
2026-03-31T18:49:44.629795,"helmet,vest",snapshots\violation_20260331_184944_helmet_vest.jpg
2026-03-31T18:49:44.748634,"helmet,vest",snapshots\violation_20260331_184944_helmet_vest.jpg
2026-03-31T18:49:44.906697,"helmet,vest",snapshots\violation_20260331_184944_helmet_vest.jpg
2026-03-31T18:49:45.082837,"helmet,vest",snapshots\violation_20260331_184945_helmet_vest.jpg
2026-03-31T18:49:45.263280,"helmet,vest",snapshots\violation_20260331_184945_helmet_vest.jpg
2026-03-31T18:49:45.395044,"helmet,vest",snapshots\violation_20260331_184945_helmet_vest.jpg
2026-03-31T18:49:45.529623,"helmet,vest",snapshots\violation_20260331_184945_helmet_vest.jpg
2026-03-31T18:49:45.663938,"helmet,vest",snapshots\violation_20260331_184945_helmet_vest.jpg
2026-03-31T18:49:45.789783,"helmet,vest",snapshots\violation_20260331_184945_helmet_vest.jpg
2026-03-31T18:49:45.917039,"helmet,vest",snapshots\violation_20260331_184945_helmet_vest.jpg
2026-03-31T18:49:46.039805,"helmet,vest",snapshots\violation_20260331_184946_helmet_vest.jpg
2026-03-31T18:49:46.196149,"helmet,vest",snapshots\violation_20260331_184946_helmet_vest.jpg
2026-03-31T18:49:46.320163,"helmet,vest",snapshots\violation_20260331_184946_helmet_vest.jpg
2026-03-31T18:49:46.442429,"helmet,vest",snapshots\violation_20260331_184946_helmet_vest.jpg
2026-03-31T18:49:46.575470,"helmet,vest",snapshots\violation_20260331_184946_helmet_vest.jpg
2026-03-31T18:49:47.524225,"helmet,vest",snapshots\violation_20260331_184947_helmet_vest.jpg
2026-03-31T18:49:47.771173,"helmet,vest",snapshots\violation_20260331_184947_helmet_vest.jpg
2026-03-31T18:49:47.920841,"helmet,vest",snapshots\violation_20260331_184947_helmet_vest.jpg
2026-03-31T18:49:48.045620,"helmet,vest",snapshots\violation_20260331_184948_helmet_vest.jpg
2026-03-31T18:49:48.185002,"helmet,vest",snapshots\violation_20260331_184948_helmet_vest.jpg
2026-03-31T18:49:48.327064,"helmet,vest",snapshots\violation_20260331_184948_helmet_vest.jpg
2026-03-31T18:49:48.450653,"helmet,vest",snapshots\violation_20260331_184948_helmet_vest.jpg
2026-03-31T18:49:48.585388,"helmet,vest",snapshots\violation_20260331_184948_helmet_vest.jpg
2026-03-31T18:49:48.718329,"helmet,vest",snapshots\violation_20260331_184948_helmet_vest.jpg
2026-03-31T18:49:48.850458,"helmet,vest",snapshots\violation_20260331_184948_helmet_vest.jpg
2026-03-31T18:49:48.977983,"helmet,vest",snapshots\violation_20260331_184948_helmet_vest.jpg
2026-03-31T18:49:49.101570,"helmet,vest",snapshots\violation_20260331_184949_helmet_vest.jpg
2026-03-31T18:49:49.245030,"helmet,vest",snapshots\violation_20260331_184949_helmet_vest.jpg
2026-03-31T18:49:49.377513,"helmet,vest",snapshots\violation_20260331_184949_helmet_vest.jpg
2026-03-31T18:49:49.528980,"helmet,vest",snapshots\violation_20260331_184949_helmet_vest.jpg
2026-03-31T18:49:49.685002,"helmet,vest",snapshots\violation_20260331_184949_helmet_vest.jpg
2026-03-31T18:49:49.830897,"helmet,vest",snapshots\violation_20260331_184949_helmet_vest.jpg
2026-03-31T18:49:49.959624,vest,snapshots\violation_20260331_184949_vest.jpg
2026-03-31T18:49:50.092419,"helmet,vest",snapshots\violation_20260331_184950_helmet_vest.jpg
2026-03-31T18:49:50.264480,"helmet,vest",snapshots\violation_20260331_184950_helmet_vest.jpg
2026-03-31T18:49:50.447156,"helmet,vest",snapshots\violation_20260331_184950_helmet_vest.jpg
2026-03-31T18:49:50.594055,"helmet,vest",snapshots\violation_20260331_184950_helmet_vest.jpg
2026-03-31T18:49:50.752003,"helmet,vest",snapshots\violation_20260331_184950_helmet_vest.jpg
2026-03-31T18:49:50.893434,"helmet,vest",snapshots\violation_20260331_184950_helmet_vest.jpg
2026-03-31T18:49:51.035012,"helmet,vest",snapshots\violation_20260331_184951_helmet_vest.jpg
2026-03-31T18:49:51.169900,"helmet,vest",snapshots\violation_20260331_184951_helmet_vest.jpg
2026-03-31T18:49:51.305527,"helmet,vest",snapshots\violation_20260331_184951_helmet_vest.jpg
2026-03-31T18:49:51.431849,"helmet,vest",snapshots\violation_20260331_184951_helmet_vest.jpg
2026-03-31T18:49:51.679643,"helmet,vest",snapshots\violation_20260331_184951_helmet_vest.jpg
2026-03-31T18:49:52.619416,"helmet,vest",snapshots\violation_20260331_184952_helmet_vest.jpg
2026-03-31T18:49:52.875732,"helmet,vest",snapshots\violation_20260331_184952_helmet_vest.jpg
2026-03-31T18:49:53.005303,"helmet,vest",snapshots\violation_20260331_184953_helmet_vest.jpg
2026-03-31T18:49:53.130216,"helmet,vest",snapshots\violation_20260331_184953_helmet_vest.jpg
2026-03-31T18:49:53.279343,"helmet,vest",snapshots\violation_20260331_184953_helmet_vest.jpg
2026-03-31T18:49:53.405423,"helmet,vest",snapshots\violation_20260331_184953_helmet_vest.jpg
2026-03-31T18:49:53.530221,"helmet,vest",snapshots\violation_20260331_184953_helmet_vest.jpg
2026-03-31T18:49:53.654302,"helmet,vest",snapshots\violation_20260331_184953_helmet_vest.jpg
2026-03-31T18:49:53.788825,"helmet,vest",snapshots\violation_20260331_184953_helmet_vest.jpg
2026-03-31T18:49:53.912147,"helmet,vest",snapshots\violation_20260331_184953_helmet_vest.jpg
2026-03-31T18:49:54.031378,"helmet,vest",snapshots\violation_20260331_184954_helmet_vest.jpg
2026-03-31T18:49:54.157906,"helmet,vest",snapshots\violation_20260331_184954_helmet_vest.jpg
2026-03-31T18:49:54.301195,"helmet,vest",snapshots\violation_20260331_184954_helmet_vest.jpg
2026-03-31T18:49:54.426307,"helmet,vest",snapshots\violation_20260331_184954_helmet_vest.jpg
2026-03-31T18:49:54.551961,"helmet,vest",snapshots\violation_20260331_184954_helmet_vest.jpg
2026-03-31T18:49:54.677297,"helmet,vest",snapshots\violation_20260331_184954_helmet_vest.jpg
2026-03-31T18:49:54.813935,"helmet,vest",snapshots\violation_20260331_184954_helmet_vest.jpg
2026-03-31T18:49:54.944622,"helmet,vest",snapshots\violation_20260331_184954_helmet_vest.jpg
2026-03-31T18:49:55.066155,"helmet,vest",snapshots\violation_20260331_184955_helmet_vest.jpg
2026-03-31T18:49:55.196848,"helmet,vest",snapshots\violation_20260331_184955_helmet_vest.jpg
2026-03-31T18:49:55.325627,"helmet,vest",snapshots\violation_20260331_184955_helmet_vest.jpg
2026-03-31T18:49:55.451678,"helmet,vest",snapshots\violation_20260331_184955_helmet_vest.jpg
2026-03-31T18:49:55.584834,"helmet,vest",snapshots\violation_20260331_184955_helmet_vest.jpg
2026-03-31T18:49:55.716235,"helmet,vest",snapshots\violation_20260331_184955_helmet_vest.jpg
2026-03-31T18:49:55.859797,"helmet,vest",snapshots\violation_20260331_184955_helmet_vest.jpg
2026-03-31T18:49:55.994940,"helmet,vest",snapshots\violation_20260331_184955_helmet_vest.jpg
2026-03-31T18:49:56.169533,"helmet,vest",snapshots\violation_20260331_184956_helmet_vest.jpg
2026-03-31T18:49:56.331969,"helmet,vest",snapshots\violation_20260331_184956_helmet_vest.jpg
2026-03-31T18:49:56.459786,"helmet,vest",snapshots\violation_20260331_184956_helmet_vest.jpg
2026-03-31T18:49:56.632783,"helmet,vest",snapshots\violation_20260331_184956_helmet_vest.jpg
2026-03-31T18:49:57.856269,"helmet,vest",snapshots\violation_20260331_184957_helmet_vest.jpg
2026-03-31T18:49:58.085646,"helmet,vest",snapshots\violation_20260331_184958_helmet_vest.jpg
2026-03-31T18:49:58.233236,"helmet,vest",snapshots\violation_20260331_184958_helmet_vest.jpg
2026-03-31T18:49:58.410990,"helmet,vest",snapshots\violation_20260331_184958_helmet_vest.jpg
2026-03-31T18:49:58.559652,"helmet,vest",snapshots\violation_20260331_184958_helmet_vest.jpg
2026-03-31T18:49:58.678395,"helmet,vest",snapshots\violation_20260331_184958_helmet_vest.jpg
2026-03-31T18:49:58.804669,"helmet,vest",snapshots\violation_20260331_184958_helmet_vest.jpg
2026-03-31T18:49:58.969353,"helmet,vest",snapshots\violation_20260331_184958_helmet_vest.jpg
2026-03-31T18:49:59.120997,"helmet,vest",snapshots\violation_20260331_184959_helmet_vest.jpg
2026-03-31T18:49:59.269325,"helmet,vest",snapshots\violation_20260331_184959_helmet_vest.jpg
2026-03-31T18:49:59.415964,"helmet,vest",snapshots\violation_20260331_184959_helmet_vest.jpg
2026-03-31T18:49:59.546210,"helmet,vest",snapshots\violation_20260331_184959_helmet_vest.jpg
2026-03-31T18:49:59.673783,"helmet,vest",snapshots\violation_20260331_184959_helmet_vest.jpg
2026-03-31T18:49:59.806189,"helmet,vest",snapshots\violation_20260331_184959_helmet_vest.jpg
2026-03-31T18:49:59.939791,"helmet,vest",snapshots\violation_20260331_184959_helmet_vest.jpg
2026-03-31T18:50:00.077170,"helmet,vest",snapshots\violation_20260331_185000_helmet_vest.jpg
2026-03-31T18:50:00.202728,"helmet,vest",snapshots\violation_20260331_185000_helmet_vest.jpg
2026-03-31T18:50:00.327475,"helmet,vest",snapshots\violation_20260331_185000_helmet_vest.jpg
2026-03-31T18:50:00.468295,"helmet,vest",snapshots\violation_20260331_185000_helmet_vest.jpg
2026-03-31T18:50:00.590686,"helmet,vest",snapshots\violation_20260331_185000_helmet_vest.jpg
2026-03-31T18:50:00.719343,"helmet,vest",snapshots\violation_20260331_185000_helmet_vest.jpg
2026-03-31T18:50:00.856967,"helmet,vest",snapshots\violation_20260331_185000_helmet_vest.jpg
2026-03-31T18:50:00.992450,"helmet,vest",snapshots\violation_20260331_185000_helmet_vest.jpg
2026-03-31T18:50:01.121442,"helmet,vest",snapshots\violation_20260331_185001_helmet_vest.jpg
2026-03-31T18:50:01.241172,"helmet,vest",snapshots\violation_20260331_185001_helmet_vest.jpg
2026-03-31T18:50:01.369944,"helmet,vest",snapshots\violation_20260331_185001_helmet_vest.jpg
2026-03-31T18:50:01.502596,"helmet,vest",snapshots\violation_20260331_185001_helmet_vest.jpg
2026-03-31T18:50:01.627772,"helmet,vest",snapshots\violation_20260331_185001_helmet_vest.jpg
2026-03-31T18:50:01.749631,"helmet,vest",snapshots\violation_20260331_185001_helmet_vest.jpg
2026-03-31T18:50:01.881977,"helmet,vest",snapshots\violation_20260331_185001_helmet_vest.jpg
2026-03-31T18:50:02.020459,"helmet,vest",snapshots\violation_20260331_185002_helmet_vest.jpg
2026-03-31T18:50:02.948783,"helmet,vest",snapshots\violation_20260331_185002_helmet_vest.jpg
2026-03-31T18:50:03.216636,"helmet,vest",snapshots\violation_20260331_185003_helmet_vest.jpg
2026-03-31T18:50:03.354847,"helmet,vest",snapshots\violation_20260331_185003_helmet_vest.jpg
2026-03-31T18:50:03.478113,"helmet,vest",snapshots\violation_20260331_185003_helmet_vest.jpg
2026-03-31T18:50:03.620617,"helmet,vest",snapshots\violation_20260331_185003_helmet_vest.jpg
2026-03-31T18:50:03.739527,"helmet,vest",snapshots\violation_20260331_185003_helmet_vest.jpg
2026-03-31T18:50:03.873017,"helmet,vest",snapshots\violation_20260331_185003_helmet_vest.jpg
2026-03-31T18:50:04.000169,"helmet,vest",snapshots\violation_20260331_185003_helmet_vest.jpg
2026-03-31T18:50:04.129102,"helmet,vest",snapshots\violation_20260331_185004_helmet_vest.jpg
2026-03-31T18:50:04.254600,"helmet,vest",snapshots\violation_20260331_185004_helmet_vest.jpg
2026-03-31T18:50:04.380234,vest,snapshots\violation_20260331_185004_vest.jpg
2026-03-31T18:50:04.502581,vest,snapshots\violation_20260331_185004_vest.jpg
2026-03-31T18:50:04.635349,"helmet,vest",snapshots\violation_20260331_185004_helmet_vest.jpg
2026-03-31T18:50:04.761272,"helmet,vest",snapshots\violation_20260331_185004_helmet_vest.jpg
2026-03-31T18:50:04.890190,vest,snapshots\violation_20260331_185004_vest.jpg
2026-03-31T18:50:05.018182,"helmet,vest",snapshots\violation_20260331_185005_helmet_vest.jpg
2026-03-31T18:50:05.153550,"helmet,vest",snapshots\violation_20260331_185005_helmet_vest.jpg
2026-03-31T18:50:05.282703,"helmet,vest",snapshots\violation_20260331_185005_helmet_vest.jpg
2026-03-31T18:50:05.405309,"helmet,vest",snapshots\violation_20260331_185005_helmet_vest.jpg
2026-03-31T18:50:05.538184,"helmet,vest",snapshots\violation_20260331_185005_helmet_vest.jpg
2026-03-31T18:50:05.673500,"helmet,vest",snapshots\violation_20260331_185005_helmet_vest.jpg
2026-03-31T18:50:05.807374,"helmet,vest",snapshots\violation_20260331_185005_helmet_vest.jpg
2026-03-31T18:50:05.934165,"helmet,vest",snapshots\violation_20260331_185005_helmet_vest.jpg
2026-03-31T18:50:06.061378,"helmet,vest",snapshots\violation_20260331_185006_helmet_vest.jpg
2026-03-31T18:50:06.199834,"helmet,vest",snapshots\violation_20260331_185006_helmet_vest.jpg
2026-03-31T18:50:06.332249,vest,snapshots\violation_20260331_185006_vest.jpg
2026-03-31T18:50:06.462928,"helmet,vest",snapshots\violation_20260331_185006_helmet_vest.jpg
2026-03-31T18:50:06.590611,"helmet,vest",snapshots\violation_20260331_185006_helmet_vest.jpg
2026-03-31T18:50:06.726693,"helmet,vest",snapshots\violation_20260331_185006_helmet_vest.jpg
2026-03-31T18:50:06.854558,"helmet,vest",snapshots\violation_20260331_185006_helmet_vest.jpg
2026-03-31T18:50:06.977976,"helmet,vest",snapshots\violation_20260331_185006_helmet_vest.jpg
2026-03-31T18:50:07.112640,"helmet,vest",snapshots\violation_20260331_185007_helmet_vest.jpg
2026-03-31T18:50:08.074922,"helmet,vest",snapshots\violation_20260331_185008_helmet_vest.jpg
2026-03-31T18:50:08.324334,"helmet,vest",snapshots\violation_20260331_185008_helmet_vest.jpg
2026-03-31T18:50:08.458517,"helmet,vest",snapshots\violation_20260331_185008_helmet_vest.jpg
2026-03-31T18:50:08.577821,"helmet,vest",snapshots\violation_20260331_185008_helmet_vest.jpg
2026-03-31T18:50:08.703716,"helmet,vest",snapshots\violation_20260331_185008_helmet_vest.jpg
2026-03-31T18:50:08.829118,"helmet,vest",snapshots\violation_20260331_185008_helmet_vest.jpg
2026-03-31T18:50:08.956432,"helmet,vest",snapshots\violation_20260331_185008_helmet_vest.jpg
2026-03-31T18:50:09.084596,"helmet,vest",snapshots\violation_20260331_185009_helmet_vest.jpg
2026-03-31T18:50:09.227908,"helmet,vest",snapshots\violation_20260331_185009_helmet_vest.jpg
2026-03-31T18:50:09.349350,"helmet,vest",snapshots\violation_20260331_185009_helmet_vest.jpg
2026-03-31T18:50:09.476199,"helmet,vest",snapshots\violation_20260331_185009_helmet_vest.jpg
2026-03-31T18:50:09.599716,"helmet,vest",snapshots\violation_20260331_185009_helmet_vest.jpg
2026-03-31T18:50:09.739005,"helmet,vest",snapshots\violation_20260331_185009_helmet_vest.jpg
2026-03-31T18:50:09.867264,"helmet,vest",snapshots\violation_20260331_185009_helmet_vest.jpg
2026-03-31T18:50:09.994230,"helmet,vest",snapshots\violation_20260331_185009_helmet_vest.jpg
2026-03-31T18:50:10.120165,"helmet,vest",snapshots\violation_20260331_185010_helmet_vest.jpg
2026-03-31T18:50:10.252174,"helmet,vest",snapshots\violation_20260331_185010_helmet_vest.jpg
2026-03-31T18:50:10.380381,"helmet,vest",snapshots\violation_20260331_185010_helmet_vest.jpg
2026-03-31T18:50:10.512392,"helmet,vest",snapshots\violation_20260331_185010_helmet_vest.jpg
2026-03-31T18:50:10.631443,"helmet,vest",snapshots\violation_20260331_185010_helmet_vest.jpg
2026-03-31T18:50:10.764876,"helmet,vest",snapshots\violation_20260331_185010_helmet_vest.jpg
2026-03-31T18:50:10.898164,"helmet,vest",snapshots\violation_20260331_185010_helmet_vest.jpg
2026-03-31T18:50:11.017187,"helmet,vest",snapshots\violation_20260331_185011_helmet_vest.jpg
2026-03-31T18:50:11.144039,"helmet,vest",snapshots\violation_20260331_185011_helmet_vest.jpg
2026-03-31T18:50:11.280387,"helmet,vest",snapshots\violation_20260331_185011_helmet_vest.jpg
2026-03-31T18:50:11.408689,vest,snapshots\violation_20260331_185011_vest.jpg
2026-03-31T18:50:11.529989,"helmet,vest",snapshots\violation_20260331_185011_helmet_vest.jpg
2026-03-31T18:50:11.658703,"helmet,vest",snapshots\violation_20260331_185011_helmet_vest.jpg
2026-03-31T18:50:11.792468,"helmet,vest",snapshots\violation_20260331_185011_helmet_vest.jpg
2026-03-31T18:50:11.922003,"helmet,vest",snapshots\violation_20260331_185011_helmet_vest.jpg
2026-03-31T18:50:12.040719,"helmet,vest",snapshots\violation_20260331_185012_helmet_vest.jpg
2026-03-31T18:50:12.170186,"helmet,vest",snapshots\violation_20260331_185012_helmet_vest.jpg
2026-03-31T18:50:13.114885,"helmet,vest",snapshots\violation_20260331_185013_helmet_vest.jpg
2026-03-31T18:50:13.377524,"helmet,vest",snapshots\violation_20260331_185013_helmet_vest.jpg
2026-03-31T18:50:13.502359,vest,snapshots\violation_20260331_185013_vest.jpg
2026-03-31T18:50:13.630126,vest,snapshots\violation_20260331_185013_vest.jpg
2026-03-31T18:50:13.764352,vest,snapshots\violation_20260331_185013_vest.jpg
2026-03-31T18:50:13.956457,vest,snapshots\violation_20260331_185013_vest.jpg
2026-03-31T18:50:14.143528,vest,snapshots\violation_20260331_185014_vest.jpg
2026-03-31T18:50:14.305586,vest,snapshots\violation_20260331_185014_vest.jpg
2026-03-31T18:50:14.440122,vest,snapshots\violation_20260331_185014_vest.jpg
2026-03-31T18:50:14.579091,vest,snapshots\violation_20260331_185014_vest.jpg
2026-03-31T18:50:14.714398,vest,snapshots\violation_20260331_185014_vest.jpg
2026-03-31T18:50:14.865380,"helmet,vest",snapshots\violation_20260331_185014_helmet_vest.jpg
2026-03-31T18:50:15.002131,"helmet,vest",snapshots\violation_20260331_185014_helmet_vest.jpg
2026-03-31T18:50:15.165273,vest,snapshots\violation_20260331_185015_vest.jpg
2026-03-31T18:50:15.295315,vest,snapshots\violation_20260331_185015_vest.jpg
2026-03-31T18:50:15.436866,vest,snapshots\violation_20260331_185015_vest.jpg
2026-03-31T18:50:15.561001,vest,snapshots\violation_20260331_185015_vest.jpg
2026-03-31T18:50:15.687318,vest,snapshots\violation_20260331_185015_vest.jpg
2026-03-31T18:50:15.824363,vest,snapshots\violation_20260331_185015_vest.jpg
2026-03-31T18:50:15.949720,vest,snapshots\violation_20260331_185015_vest.jpg
2026-03-31T18:50:16.077064,vest,snapshots\violation_20260331_185016_vest.jpg
2026-03-31T18:50:16.224504,vest,snapshots\violation_20260331_185016_vest.jpg
2026-03-31T18:50:16.356046,vest,snapshots\violation_20260331_185016_vest.jpg
2026-03-31T18:50:16.491294,vest,snapshots\violation_20260331_185016_vest.jpg
2026-03-31T18:50:16.610551,vest,snapshots\violation_20260331_185016_vest.jpg
2026-03-31T18:50:16.740906,vest,snapshots\violation_20260331_185016_vest.jpg
2026-03-31T18:50:16.880282,vest,snapshots\violation_20260331_185016_vest.jpg
2026-03-31T18:50:17.003602,vest,snapshots\violation_20260331_185016_vest.jpg
2026-03-31T18:50:17.133117,vest,snapshots\violation_20260331_185017_vest.jpg
2026-03-31T18:50:17.257692,vest,snapshots\violation_20260331_185017_vest.jpg
2026-03-31T18:50:18.198585,vest,snapshots\violation_20260331_185018_vest.jpg
2026-03-31T18:50:18.448261,vest,snapshots\violation_20260331_185018_vest.jpg
2026-03-31T18:50:18.577731,vest,snapshots\violation_20260331_185018_vest.jpg
2026-03-31T18:50:18.701704,vest,snapshots\violation_20260331_185018_vest.jpg
2026-03-31T18:50:18.842748,vest,snapshots\violation_20260331_185018_vest.jpg
2026-03-31T18:50:18.965534,vest,snapshots\violation_20260331_185018_vest.jpg
2026-03-31T18:50:19.092786,vest,snapshots\violation_20260331_185019_vest.jpg
2026-03-31T18:50:19.216317,vest,snapshots\violation_20260331_185019_vest.jpg
2026-03-31T18:50:19.351944,vest,snapshots\violation_20260331_185019_vest.jpg
2026-03-31T18:50:19.478790,vest,snapshots\violation_20260331_185019_vest.jpg
2026-03-31T18:50:19.604229,vest,snapshots\violation_20260331_185019_vest.jpg
2026-03-31T18:50:19.729954,vest,snapshots\violation_20260331_185019_vest.jpg
2026-03-31T18:50:19.864307,vest,snapshots\violation_20260331_185019_vest.jpg
2026-03-31T18:50:19.992608,vest,snapshots\violation_20260331_185019_vest.jpg
2026-03-31T18:50:20.115938,vest,snapshots\violation_20260331_185020_vest.jpg
2026-03-31T18:50:20.242086,vest,snapshots\violation_20260331_185020_vest.jpg
2026-03-31T18:50:20.377200,"helmet,vest",snapshots\violation_20260331_185020_helmet_vest.jpg
2026-03-31T18:50:20.507760,vest,snapshots\violation_20260331_185020_vest.jpg
2026-03-31T18:50:20.636783,"helmet,vest",snapshots\violation_20260331_185020_helmet_vest.jpg
2026-03-31T18:50:20.761019,vest,snapshots\violation_20260331_185020_vest.jpg
2026-03-31T18:50:20.923600,vest,snapshots\violation_20260331_185020_vest.jpg
2026-03-31T18:50:21.046986,"helmet,vest",snapshots\violation_20260331_185021_helmet_vest.jpg
2026-03-31T18:50:21.172528,"helmet,vest",snapshots\violation_20260331_185021_helmet_vest.jpg
2026-03-31T18:50:21.300556,vest,snapshots\violation_20260331_185021_vest.jpg
2026-03-31T18:50:21.500425,vest,snapshots\violation_20260331_185021_vest.jpg
2026-03-31T18:50:21.638083,vest,snapshots\violation_20260331_185021_vest.jpg
2026-03-31T18:50:21.765148,vest,snapshots\violation_20260331_185021_vest.jpg
2026-03-31T18:50:21.903112,vest,snapshots\violation_20260331_185021_vest.jpg
2026-03-31T18:50:22.030707,vest,snapshots\violation_20260331_185022_vest.jpg
2026-03-31T18:50:22.159236,vest,snapshots\violation_20260331_185022_vest.jpg
2026-03-31T18:50:22.284585,vest,snapshots\violation_20260331_185022_vest.jpg
2026-03-31T18:50:23.228252,vest,snapshots\violation_20260331_185023_vest.jpg
2026-03-31T18:50:23.471779,vest,snapshots\violation_20260331_185023_vest.jpg
2026-03-31T18:50:23.723924,"helmet,vest",snapshots\violation_20260331_185023_helmet_vest.jpg
2026-03-31T18:50:23.923934,vest,snapshots\violation_20260331_185023_vest.jpg
2026-03-31T18:50:24.133604,vest,snapshots\violation_20260331_185024_vest.jpg
2026-03-31T18:50:24.329120,vest,snapshots\violation_20260331_185024_vest.jpg
2026-03-31T18:50:24.493025,vest,snapshots\violation_20260331_185024_vest.jpg
2026-03-31T18:50:24.643706,vest,snapshots\violation_20260331_185024_vest.jpg
2026-03-31T18:50:24.818539,vest,snapshots\violation_20260331_185024_vest.jpg
2026-03-31T18:50:25.045601,vest,snapshots\violation_20260331_185025_vest.jpg
2026-03-31T18:50:25.224599,"helmet,vest",snapshots\violation_20260331_185025_helmet_vest.jpg
2026-03-31T18:50:25.420000,"helmet,vest",snapshots\violation_20260331_185025_helmet_vest.jpg
2026-03-31T18:50:25.613219,"helmet,vest",snapshots\violation_20260331_185025_helmet_vest.jpg
2026-03-31T18:50:25.791308,"helmet,vest",snapshots\violation_20260331_185025_helmet_vest.jpg
2026-03-31T18:50:25.963476,"helmet,vest",snapshots\violation_20260331_185025_helmet_vest.jpg
2026-03-31T18:50:26.137556,"helmet,vest",snapshots\violation_20260331_185026_helmet_vest.jpg
2026-03-31T18:50:26.365593,"helmet,vest",snapshots\violation_20260331_185026_helmet_vest.jpg
2026-03-31T18:50:26.641956,"helmet,vest",snapshots\violation_20260331_185026_helmet_vest.jpg
2026-03-31T18:50:26.874341,vest,snapshots\violation_20260331_185026_vest.jpg
2026-03-31T18:50:27.049857,vest,snapshots\violation_20260331_185027_vest.jpg
2026-03-31T18:50:27.245358,vest,snapshots\violation_20260331_185027_vest.jpg
2026-03-31T18:50:28.253495,vest,snapshots\violation_20260331_185028_vest.jpg
2026-03-31T18:50:28.521665,vest,snapshots\violation_20260331_185028_vest.jpg
2026-03-31T18:50:28.732558,"helmet,vest",snapshots\violation_20260331_185028_helmet_vest.jpg
2026-03-31T18:50:28.930774,vest,snapshots\violation_20260331_185028_vest.jpg
2026-03-31T18:50:29.223069,"helmet,vest",snapshots\violation_20260331_185029_helmet_vest.jpg
2026-03-31T18:50:29.460518,"helmet,vest",snapshots\violation_20260331_185029_helmet_vest.jpg
2026-03-31T18:59:22.868840,0,"helmet,vest",snapshots\violation_p0_20260331_185922_helmet_vest.jpg
2026-03-31T18:59:29.146277,0,"helmet,vest",snapshots\violation_p0_20260331_185929_helmet_vest.jpg
2026-03-31T18:59:32.660065,0,"helmet,vest",snapshots\violation_p0_20260331_185932_helmet_vest.jpg
2026-03-31T18:59:40.328854,0,"helmet,vest",snapshots\violation_p0_20260331_185940_helmet_vest.jpg
2026-03-31T18:59:43.270413,0,"helmet,vest",snapshots\violation_p0_20260331_185943_helmet_vest.jpg
2026-03-31T18:59:50.625651,0,"helmet,vest",snapshots\violation_p0_20260331_185950_helmet_vest.jpg
2026-03-31T19:00:01.368576,0,"helmet,vest",snapshots\violation_p0_20260331_190001_helmet_vest.jpg
2026-03-31T19:00:03.680302,0,"helmet,vest",snapshots\violation_p0_20260331_190003_helmet_vest.jpg
2026-03-31T19:03:14.767183,0,vest,snapshots\violation_p0_20260331_190314_vest.jpg
2026-03-31T19:03:18.244623,1,"helmet,vest",snapshots\violation_p1_20260331_190318_helmet_vest.jpg
2026-03-31T19:03:22.858713,1,"helmet,vest",snapshots\violation_p1_20260331_190322_helmet_vest.jpg
2026-03-31T19:03:26.640672,1,"helmet,vest",snapshots\violation_p1_20260331_190326_helmet_vest.jpg
2026-03-31T19:26:33.402654,0,"helmet,vest",snapshots\violation_p0_20260331_192633_helmet_vest.jpg
2026-03-31T19:26:39.120813,0,"helmet,vest",snapshots\violation_p0_20260331_192639_helmet_vest.jpg
2026-03-31T19:26:40.501033,0,"helmet,vest",snapshots\violation_p0_20260331_192640_helmet_vest.jpg
2026-03-31T19:26:47.374209,0,"helmet,vest",snapshots\violation_p0_20260331_192647_helmet_vest.jpg
2026-03-31T19:35:37.377779,0,vest,snapshots\violation_p0_20260331_193537_vest.jpg
2026-03-31T19:36:02.258616,0,vest,snapshots\violation_p0_20260331_193602_vest.jpg
2026-03-31T19:36:37.867253,0,vest,snapshots\violation_p0_20260331_193637_vest.jpg
2026-03-31T19:37:12.394498,0,vest,snapshots\violation_p0_20260331_193712_vest.jpg
2026-03-31T19:37:21.028779,0,"helmet,vest",snapshots\violation_p0_20260331_193721_helmet_vest.jpg
2026-03-31T19:44:12.991186,0,vest,snapshots\violation_p0_20260331_194412_vest.jpg
2026-03-31T19:44:14.606194,0,vest,snapshots\violation_p0_20260331_194414_vest.jpg
2026-03-31T19:44:15.923287,0,vest,snapshots\violation_p0_20260331_194415_vest.jpg
2026-03-31T19:44:30.111216,0,"helmet,vest",snapshots\violation_p0_20260331_194430_helmet_vest.jpg
2026-03-31T19:44:39.910083,0,vest,snapshots\violation_p0_20260331_194439_vest.jpg
2026-03-31T19:44:41.375166,0,vest,snapshots\violation_p0_20260331_194441_vest.jpg
2026-03-31T19:44:48.243579,0,vest,snapshots\violation_p0_20260331_194448_vest.jpg
2026-03-31T19:44:55.933187,0,vest,snapshots\violation_p0_20260331_194455_vest.jpg
2026-03-31T19:49:32.813478,0,vest,snapshots\violation_p0_20260331_194932_vest.jpg
2026-03-31T19:49:42.460863,0,vest,snapshots\violation_p0_20260331_194942_vest.jpg
2026-03-31T19:50:05.043496,0,vest,snapshots\violation_p0_20260331_195005_vest.jpg
2026-03-31T19:50:41.111933,0,vest,snapshots\violation_p0_20260331_195041_vest.jpg
2026-03-31T19:50:49.108621,0,vest,snapshots\violation_p0_20260331_195049_vest.jpg
2026-04-01T20:18:07.269296,0,"helmet,overall",snapshots\violation_p0_20260401_201807_helmet_overall.jpg
2026-04-01T20:18:13.588839,0,"helmet,overall",snapshots\violation_p0_20260401_201813_helmet_overall.jpg
2026-04-01T20:18:16.131690,0,"helmet,overall",snapshots\violation_p0_20260401_201816_helmet_overall.jpg
2026-04-01T20:18:24.839857,0,"helmet,overall",snapshots\violation_p0_20260401_201824_helmet_overall.jpg
2026-04-01T23:49:53.125015,0,overall,snapshots\violation_p0_20260401_234953_overall.jpg
2026-04-01T23:50:18.680337,0,"helmet,overall",snapshots\violation_p0_20260401_235018_helmet_overall.jpg
2026-04-02T00:10:58.644193,65,"helmet,overall",snapshots\violation_p65_20260402_001058_helmet_overall.jpg
2026-04-02T00:11:07.521781,65,"helmet,overall",snapshots\violation_p65_20260402_001107_helmet_overall.jpg
2026-04-02T00:11:12.664254,65,"helmet,overall",snapshots\violation_p65_20260402_001112_helmet_overall.jpg
2026-04-02T00:11:14.120056,65,"helmet,overall",snapshots\violation_p65_20260402_001114_helmet_overall.jpg
2026-04-02T00:11:19.279198,65,"helmet,overall",snapshots\violation_p65_20260402_001119_helmet_overall.jpg
2026-04-02T00:11:27.198520,65,"helmet,overall",snapshots\violation_p65_20260402_001127_helmet_overall.jpg
2026-04-02T00:11:32.368502,65,"helmet,overall",snapshots\violation_p65_20260402_001132_helmet_overall.jpg
2026-04-02T00:11:33.353418,146,"helmet,overall",snapshots\violation_p146_20260402_001133_helmet_overall.jpg
2026-04-02T00:11:37.407858,65,"helmet,overall",snapshots\violation_p65_20260402_001137_helmet_overall.jpg
2026-04-02T00:20:35.218362,55,"helmet,overall",snapshots\violation_p55_20260402_002035_helmet_overall.jpg
2026-04-02T00:20:59.758409,81,"helmet,overall",snapshots\violation_p81_20260402_002059_helmet_overall.jpg
2026-04-02T12:55:48.831792,10,"helmet,overall",snapshots\violation_p10_20260402_125548_helmet_overall.jpg
2026-04-02T12:55:59.020000,10,"helmet,overall",snapshots\violation_p10_20260402_125559_helmet_overall.jpg
2026-04-02T12:56:01.314222,50,"helmet,overall",snapshots\violation_p50_20260402_125601_helmet_overall.jpg
2026-04-02T12:56:07.790055,50,"helmet,overall",snapshots\violation_p50_20260402_125607_helmet_overall.jpg
2026-04-02T12:56:11.048185,50,"helmet,overall",snapshots\violation_p50_20260402_125611_helmet_overall.jpg
2026-04-02T13:01:08.942360,11,"helmet,overall",snapshots\violation_p11_20260402_130108_helmet_overall.jpg
2026-04-02T13:01:15.236173,11,"helmet,overall",snapshots\violation_p11_20260402_130115_helmet_overall.jpg
2026-04-02T13:01:20.825651,11,"helmet,overall",snapshots\violation_p11_20260402_130120_helmet_overall.jpg
2026-04-02T13:39:22.002427,2,"helmet,overall",snapshots\violation_p2_20260402_133921_helmet_overall.jpg
2026-04-02T13:39:25.859486,2,"helmet,overall",snapshots\violation_p2_20260402_133925_helmet_overall.jpg
2026-04-02T13:48:56.087451,1,"helmet,overall",snapshots\violation_p1_20260402_134856_helmet_overall.jpg
2026-04-02T13:49:44.767137,7,"helmet,overall",snapshots\violation_p7_20260402_134944_helmet_overall.jpg
2026-04-02T13:49:59.619452,54,"helmet,overall",snapshots\violation_p54_20260402_134959_helmet_overall.jpg
2026-04-02T13:50:36.455899,154,"helmet,overall",snapshots\violation_p154_20260402_135036_helmet_overall.jpg
2026-04-02T13:51:03.185023,164,"helmet,overall",snapshots\violation_p164_20260402_135103_helmet_overall.jpg
2026-04-02T13:51:06.403808,164,"helmet,overall",snapshots\violation_p164_20260402_135106_helmet_overall.jpg
2026-04-02T13:51:18.315215,164,"helmet,overall",snapshots\violation_p164_20260402_135118_helmet_overall.jpg
